{"cameraMode":{"drawMode":0,"name":"Shaded","section":"Shading Mode"},"sceneLighting":false,"audioPlay":false,"sceneViewState":{"showFog":true,"showMaterialUpdate":false,"showSkybox":true,"showFlares":true,"showImageEffects":true,"showParticleSystems":true},"in2DMode":false,"pivot":{"x":-8.020037651062012,"y":-2.6344616413116457,"z":-7.416609764099121},"rotation":{"x":-0.11179080605506897,"y":0.7270287275314331,"z":-0.12196534126996994,"w":-0.6663756370544434},"size":12.218076705932618,"orthographic":false}