{"cameraMode":{"drawMode":0,"name":"Shaded","section":"Shading Mode"},"sceneLighting":false,"audioPlay":false,"sceneViewState":{"showFog":true,"showMaterialUpdate":false,"showSkybox":true,"showFlares":true,"showImageEffects":true,"showParticleSystems":true},"in2DMode":false,"pivot":{"x":0.80108642578125,"y":-0.6573638916015625,"z":-1.6353466510772706},"rotation":{"x":-0.23915651440620423,"y":-0.6419624090194702,"z":0.2211942970752716,"w":-0.6940904855728149},"size":12.286381721496582,"orthographic":false}